,player_id,player_name1,player_name2,birthday,birthplace
0,21461,Chris GREVSMUHL,Chris Grevsmuhl,"Tuesday, 23rd February, 1993","Townsville, Queensland, Australia"
0,21462,Solomone KATA,Solomone Kata,"Saturday, 3rd December, 1994","Neiafu, Tonga"
0,21463,Sam LISONE,Sam Lisone,"Saturday, 19th February, 1994","Auckland, Auckland, New Zealand"
0,21464,Albert VETE,Albert Vete,"Sunday, 24th January, 1993","Auckland, Auckland, New Zealand"
0,21465,Kyle LOVETT,Kyle Lovett,"Tuesday, 23rd March, 1993","Leichhardt, New South Wales, Australia"
0,21467,George JENNINGS,George Jennings,"Wednesday, 9th June, 1993","Blacktown, New South Wales, Australia"
0,21468,Reagan CAMPBELL-GILLARD,Reagan Campbell-Gillard,"Tuesday, 27th July, 1993","Blacktown, New South Wales, Australia"
0,13940,Josh HODGSON,Josh Hodgson,"Tuesday, 31st October, 1989","Kingston upon Hull, East Riding of Yorkshire, England"
0,21469,Luke BATEMAN,Luke Bateman,"Monday, 23rd January, 1995","Toowoomba, Queensland, Australia"
0,21470,Eto NABULI,Eto Nabuli,"Wednesday, 24th August, 1988","Sigatoka, Fiji"
0,21471,Rory O'BRIEN,Rory O'Brien,"Friday, 2nd June, 1989","Sydney, New South Wales, Australia"
0,21472,Felise KAUFUSI,Felise Kaufusi,"Tuesday, 19th May, 1992","Auckland, Auckland, New Zealand"
0,21473,Joe OFAHENGAUE,Joe Ofahengaue,"Friday, 15th September, 1995","Auckland, Auckland, New Zealand"
0,21474,Kodi NIKORIMA,Kodi Nikorima,"Sunday, 3rd April, 1994","Palmerston North, Manawatu-Wanganui, New Zealand"
0,21475,John FOLAU,John Folau,"Friday, 23rd September, 1994","Brisbane, Queensland, Australia"
0,21476,Euan AITKEN,Euan Aitken,"Friday, 16th June, 1995","Pambula, New South Wales, Australia"
0,21479,Delouise HOETER,Delouise Hoeter,"Sunday, 6th March, 1994","Nuku'alofa, Tonga"
0,21480,Lamar LIOLEVAVE,Lamar Liolevave,"Friday, 1st December, 1995","Auckland, Auckland, New Zealand"
0,21483,Kane ELGEY,Kane Elgey,"Friday, 14th January, 1994","Gold Coast, Queensland, Australia"
0,21482,Jack BIRD,Jack Bird,"Monday, 20th March, 1995","Wollongong, New South Wales, Australia"
0,21487,Tom TRBOJEVIC,Tom Trbojevic,"Wednesday, 2nd October, 1996","Sydney, New South Wales, Australia"
0,21491,Waqa BLAKE,Waqa Blake,"Wednesday, 26th October, 1994","Lautoka, Viti Levu, Fiji"
0,21502,Danny FUALALO,Danny Fualalo,"Thursday, 20th October, 1994","Sydney, New South Wales, Australia"
0,21503,Herman ESE'ESE,Herman Ese'ese,"Wednesday, 7th September, 1994","Auckland, Auckland, New Zealand"
0,21504,Robert JENNINGS,Robert Jennings,"Tuesday, 2nd January, 1996","Blacktown, New South Wales, Australia"
0,21508,Raymond FAITALA-MARINER,Raymond Faitala-Mariner,"Monday, 26th July, 1993","Auckland, Auckland, New Zealand"
0,21509,Nelson ASOFA-SOLOMONA,Nelson Asofa-Solomona,"Thursday, 29th February, 1996","Wellington, Wellington, New Zealand"
0,20154,Aaron GRAY,Aaron Gray,"Thursday, 7th April, 1994","Sydney, New South Wales, Australia"
0,21542,Christian WELCH,Christian Welch,"Tuesday, 19th July, 1994","Sydney, New South Wales, Australia"
0,21543,Ken MAUMALO,Ken Maumalo,"Saturday, 16th July, 1994","Auckland, Auckland, New Zealand"
0,20240,Chad REDMAN,Chad Redman,"Thursday, 17th December, 1992","Newcastle, New South Wales, Australia"
0,20147,Tyrone PHILLIPS,Tyrone Phillips,"Wednesday, 5th January, 1994","Sydney, New South Wales, Australia"
0,21547,Joe BOYCE,Joe Boyce,"Tuesday, 1st February, 1994","Sunshine Coast, Queensland, Australia"
0,21636,Daniel ALVARO,Daniel Alvaro,"Friday, 28th May, 1993","Newtown, New South Wales, Australia"
0,21637,Matt PARCELL,Matt Parcell,"Friday, 30th October, 1992","Ipswich, Queensland, Australia"
0,21704,Nathan MILONE,Nathan Milone,"Friday, 18th March, 1994","Blacktown, New South Wales, Australia"
0,21705,Manaia CHERRINGTON,Manaia Cherrington,"Tuesday, 2nd August, 1994","Whangarei, Northland, New Zealand"
0,21706,Richard KENNAR,Richard Kennar,"Saturday, 10th December, 1994","Apia, Apia, Samoa"
0,21709,John OLIVE,John Olive,"Monday, 4th November, 1996","Sydney, New South Wales, Australia"
0,21710,Shaun LANE,Shaun Lane,"Tuesday, 29th November, 1994","Sydney, New South Wales, Australia"
0,21711,Danny LEVI,Danny Levi,"Tuesday, 5th December, 1995","Wellington, Wellington, New Zealand"
0,21712,Patrick KAUFUSI,Patrick Kaufusi,"Friday, 18th February, 1994","Auckland, Auckland, New Zealand"
0,21746,Yaw Kiti GLYMIN,Yaw Kiti Glymin,"Thursday, 22nd July, 1993","Arncliffe, New South Wales, Australia"
0,20278,Luke PAGE,Luke Page,"Saturday, 12th January, 1991","Brisbane, Queensland, Australia"
0,21764,Drew HUTCHISON,Drew Hutchison,"Wednesday, 26th April, 1995","Wollongong, New South Wales, Australia"
0,21765,Nathaniel PETERU,Nathaniel Peteru,"Wednesday, 1st January, 1992","Auckland, Auckland, New Zealand"
0,21853,Nathan ROSS,Nathan Ross,"Friday, 4th November, 1988","Gold Coast, Queensland, Australia"
0,21854,Lachlan FITZGIBBON,Lachlan Fitzgibbon,"Wednesday, 5th January, 1994","North Sydney, New South Wales, Australia"
0,20224,Leilani LATU,Leilani Latu,"Friday, 5th February, 1993","Sydney, New South Wales, Australia"
0,21898,Mitchell BARNETT,Mitchell Barnett,"Friday, 15th April, 1994","Taree, New South Wales, Australia"
0,22009,Leva LI,Leva Li,"Saturday, 26th November, 1994","Sydney, New South Wales, Australia"
0,22018,Mason LINO,Mason Lino,"Friday, 4th February, 1994","Apia, Apia, Samoa"
0,22019,Coen HESS,Coen Hess,"Wednesday, 14th August, 1996","Bundaberg, Queensland, Australia"
0,22029,Ash TAYLOR,Ash Taylor,"Friday, 17th March, 1995","Toowoomba, Queensland, Australia"
0,22030,Sione KATOA,Sione Katoa,"Thursday, 26th January, 1995","Wellington, Wellington, New Zealand"
0,22780,Christopher SMITH,Christopher Smith,"Sunday, 16th January, 1994","Darwin, Northern Territory, Australia"
