,player_id,player_name1,player_name2,birthday,birthplace
0,28204,Thomas FLEGLER,Thomas Flegler,"Thursday, 19th August, 1999","Townsville, Queensland, Australia"
0,28205,Briton NIKORA,Briton Nikora,"Sunday, 7th December, 1997","Mt Maunganui, Bay Of Plenty, New Zealand"
0,28206,Blayke BRAILEY,Blayke Brailey,"Wednesday, 23rd September, 1998","Sydney, New South Wales, Australia"
0,28207,Corey ALLAN,Corey Allan,"Sunday, 19th April, 1998","Brisbane, Queensland, Australia"
0,28208,Adam KEIGHRAN,Adam Keighran,"Thursday, 24th April, 1997","Sydney, New South Wales, Australia"
0,28210,Reuben GARRICK,Reuben Garrick,"Monday, 30th June, 1997","Sydney, New South Wales, Australia"
0,28209,Thomas MIKAELE,Thomas Mikaele,"Sunday, 11th January, 1998","Auckland, Auckland, New Zealand"
0,28211,Mikaele RAVALAWA,Mikaele Ravalawa,"Sunday, 9th November, 1997","Galoa Island, Fiji"
0,28212,Maika SIVO,Maika Sivo,"Sunday, 3rd October, 1993","Nadi, Fiji"
0,28213,Dylan BROWN,Dylan Brown,"Wednesday, 21st June, 2000","Auckland, Auckland, New Zealand"
0,28214,Bailey SIMONSSON,Bailey Simonsson,"Wednesday, 18th February, 1998","Mona Vale, New South Wales, Australia"
0,17077,John BATEMAN,John Bateman,"Thursday, 30th September, 1993","Bradford, West Yorkshire, England"
0,20861,Ryan SUTTON,Ryan Sutton,"Wednesday, 2nd August, 1995","Billinge, Merseyside, England"
0,28215,Corey HORSBURGH,Corey Horsburgh,"Saturday, 3rd January, 1998","Caboolture, Queensland, Australia"
0,28099,Josh KERR,Josh Kerr,"Sunday, 11th February, 1996","Brisbane, Queensland, Australia"
0,28244,Marion SEVE,Marion Seve,"Saturday, 27th May, 1995","Ipswich, Queensland, Australia"
0,28248,Corey WADDELL,Corey Waddell,"Wednesday, 2nd October, 1996","Sydney, New South Wales, Australia"
0,24113,Lachlan LAM,Lachlan Lam,"Wednesday, 25th March, 1998","Sydney, New South Wales, Australia"
0,28257,Hudson YOUNG,Hudson Young,"Thursday, 11th June, 1998","Maitland, New South Wales, Australia"
0,28258,Liam MARTIN,Liam Martin,"Wednesday, 5th March, 1997","Temora, New South Wales, Australia"
0,28259,Jayden OKUNBOR,Jayden Okunbor,"Sunday, 2nd March, 1997","Sydney, New South Wales, Australia"
0,28260,Rhys KENNEDY,Rhys Kennedy,"Tuesday, 11th October, 1994","Moruya, New South Wales, Australia"
0,28262,Chanel HARRIS-TAVITA,Chanel Harris-Tavita,"Saturday, 3rd April, 1999","Auckland, Auckland, New Zealand"
0,28263,Bronson XERRI,Bronson Xerri,"Sunday, 10th September, 2000","Sydney, New South Wales, Australia"
0,28264,Ryan PAPENHUYZEN,Ryan Papenhuyzen,"Wednesday, 10th June, 1998","Sydney, New South Wales, Australia"
0,28411,Patrick CARRIGAN,Patrick Carrigan,"Thursday, 1st January, 1998","Brisbane, Queensland, Australia"
0,28451,William KENNEDY,William Kennedy,"Friday, 18th April, 1997","Bathurst, New South Wales, Australia"
0,28452,Sam VERRILLS,Sam Verrills,"Wednesday, 13th January, 1999","Sydney, New South Wales, Australia"
0,28453,Josh CURRAN,Josh Curran,"Thursday, 10th June, 1999","Sydney, New South Wales, Australia"
0,28463,Patrick HERBERT,Patrick Herbert,"Friday, 10th January, 1997","Whakatane, Bay of Plenty, New Zealand"
0,28464,Hayze PERHAM,Hayze Perham,"Friday, 2nd July, 1999","Taupo, Waikato, New Zealand"
0,28465,Ronaldo MULITALO,Ronaldo Mulitalo,"Wednesday, 17th November, 1999","Auckland, Auckland, New Zealand"
0,28479,Tom DEARDEN,Tom Dearden,"Tuesday, 13th March, 2001","Toowoomba, Queensland, Australia"
0,25328,Abbas MISKI,Abbas Miski,"Tuesday, 25th July, 1995","Penrith, New South Wales, Australia"
0,28480,Jesse ARTHARS,Jesse Arthars,"Friday, 7th August, 1998","Auckland, Auckland, New Zealand"
0,28482,Oliver CLARK,Oliver Clark,"Saturday, 17th August, 1996","Sydney, New South Wales, Australia"
0,28598,Brian TO'O,Brian To'o,"Tuesday, 18th August, 1998","Westmead, New South Wales, Australia"
0,5703,Ryan HALL,Ryan Hall,"Friday, 27th November, 1987","Leeds, West Yorkshire, England"
0,28599,Sebastian KRIS,Sebastian Kris,"Monday, 19th April, 1999","Canberra, Australian Capital Territory, Australia"
0,28600,Cade CUST,Cade Cust,"Monday, 14th September, 1998","Scone, New South Wales, Australia"
0,28602,Mitch KENNY,Mitch Kenny,"Thursday, 15th January, 1998","Sydney, New South Wales, Australia"
0,28613,Brent NADEN,Brent Naden,"Saturday, 30th December, 1995","Wellington, New South Wales, Australia"
0,28614,Connor TRACEY,Connor Tracey,"Monday, 17th June, 1996","Sydney, New South Wales, Australia"
0,28615,Billy BRITTAIN,Billy Brittain,"Thursday, 19th May, 1994","Brisbane, Queensland, Australia"
0,28619,Reuben COTTER,Reuben Cotter,"Monday, 28th December, 1998","Mackay, Queensland, Australia"
0,28634,Tom AMONE,Tom Amone,"Thursday, 19th December, 1996","Westmead, New South Wales, Australia"
0,28655,Brandon WAKEHAM,Brandon Wakeham,"Monday, 11th January, 1999","Kogarah, New South Wales, Australia"
0,28703,Billy WALTERS,Billy Walters,"Wednesday, 9th February, 1994","Brisbane, Queensland, Australia"
0,28704,Tino FA'ASUAMALEAUI,Tino Fa'asuamaleaui,"Wednesday, 16th February, 2000","Orange, New South Wales, Australia"
0,28705,Phoenix CROSSLAND,Phoenix Crossland,"Friday, 7th July, 2000","Auckland, Auckland, New Zealand"
0,28706,Herbie FARNWORTH,Herbie Farnworth,"Thursday, 23rd December, 1999","Burnley, Lancashire, England"
0,28667,Xavier COATES,Xavier Coates,"Monday, 12th March, 2001","Port Moresby, Central, Papua New Guinea"
0,28707,Keenan PALASIA,Keenan Palasia,"Friday, 24th January, 1997","Brisbane, Queensland, Australia"
0,28724,Jed CARTWRIGHT,Jed Cartwright,"Monday, 21st October, 1996","Sydney, New South Wales, Australia"
0,28725,Adam POMPEY,Adam Pompey,"Saturday, 22nd August, 1998","Auckland, Auckland, New Zealand"
0,28726,Murray TAULAGI,Murray Taulagi,"Friday, 12th March, 1999","Auckland, Auckland, New Zealand"
0,28727,Ethan PARRY,Ethan Parry,"Saturday, 20th March, 1999","Tamworth, New South Wales, Australia"
0,27281,Billy MAGOULIAS,Billy Magoulias,"Thursday, 23rd January, 1997","Sydney, New South Wales, Australia"
0,28736,Jason SAAB,Jason Saab,"Sunday, 8th October, 2000","Sydney, New South Wales, Australia"
0,7712,Kallum WATKINS,Kallum Watkins,"Tuesday, 12th March, 1991","Manchester, Greater Manchester, England"
0,28812,Peter HOLA,Peter Hola,"Tuesday, 27th April, 1999","Sydney, New South Wales, Australia"
0,28813,Stephen CRICHTON,Stephen Crichton,"Friday, 22nd September, 2000","Apia, Apia, Samoa"
0,28814,Matt BURTON,Matt Burton,"Tuesday, 14th March, 2000","Dubbo, New South Wales, Australia"
0,28815,Spencer LENIU,Spencer Leniu,"Friday, 8th September, 2000","Auckland, Auckland, New Zealand"
0,28816,Jackson FORD,Jackson Ford,"Tuesday, 17th February, 1998","Shellharbour, New South Wales, Australia"
0,28817,Nicho HYNES,Nicho Hynes,"Tuesday, 18th June, 1996","Gosford, New South Wales, Australia"
0,28822,Tommy TALAU,Tommy Talau,"Monday, 3rd April, 2000","Sydney, New South Wales, Australia"
0,28823,Izaia PERESE,Izaia Perese,"Saturday, 17th May, 1997","Brisbane, Queensland, Australia"
0,28828,Bradman BEST,Bradman Best,"Thursday, 9th August, 2001","Gosford, New South Wales, Australia"
0,28830,Billy SMITH,Billy Smith,"Sunday, 7th November, 1999","Sydney, New South Wales, Australia"
0,28829,Tristan SAILOR,Tristan Sailor,"Tuesday, 23rd June, 1998","Brisbane, Queensland, Australia"
0,28831,Tanah BOYD,Tanah Boyd,"Friday, 28th July, 2000","Penrith, New South Wales, Australia"
0,28832,Billy BURNS,Billy Burns,"Friday, 20th November, 1998","Parkes, New South Wales, Australia"
0,28834,Sean KEPPIE,Sean Keppie,"Wednesday, 20th May, 1998","Camden, New South Wales, Australia"
0,28835,Morgan HARPER,Morgan Harper,"Friday, 28th August, 1998","Hamilton, Waikato, New Zealand"
0,28836,Starford TO'A,Starford To'a,"Friday, 23rd June, 2000","Auckland, Auckland, New Zealand"
0,29969,Haumole OLAKAU'ATU,Haumole Olakau'atu,"Thursday, 1st October, 1998","Guildford, New South Wales, Australia"
