,coach_id,coach_name_comma,coach_name,coach_birthday
0,3587,"ABERCROMBIE, Jim",Jim Abercrombie,1880-12-31
0,8188,"ALLAN, Trevor",Trevor Allan,1926-09-27
0,7440,"ANDERSON, Bill",Bill Anderson,1948-04-10
0,1515,"ANDERSON, Chris",Chris 'Opes' Anderson,1952-05-28
0,2829,"ANDERSON, Daniel",Daniel Anderson,1967-05-03
0,19978,"ARTHUR, Brad",Brad Arthur,1974-05-21
0,10382,"ARTHURSON, Ken",Ken 'Arko' Arthurson,1929-10-01
0,5909,"ASHTON, Ferris",Ferris 'Ferdie' Ashton,1926-08-21
0,7445,"BAILEY, John",John Bailey,-
0,5839,"BAILEY, Ron",Ron Bailey,1914-04-03
0,5951,"BARNES, Keith",Keith Barnes,1934-10-30
0,806,"BARRETT, Trent",Trent Barrett,1977-11-18
0,8190,"BATH, Harry",Harry Bath,1924-11-28
0,1509,"BEETSON, Arthur",Arthur Beetson,1945-01-22
0,10447,"BEGER, Dudley",Dudley Beger,1928-12-30
0,7450,"BELL, Grant",Grant Bell,1962-05-02
0,902,"BELLAMY, Craig",Craig 'Bellyache' Bellamy,1958-10-03
0,6075,"BENNETT, Wayne",Wayne Bennett,1950-01-01
0,6313,"BISHOP, Tommy",Tommy Bishop,1940-10-15
0,5737,"BLAIR, Alf",Alf Blair,1896-01-23
0,7456,"BLEAKLEY, Steve",Steve Bleakley,-
0,9180,"BODDINGTON, George",George Boddington,1898-10-29
0,5967,"BODEN, Ron",Ron Boden,1936-10-16
0,10673,"BOLAND, Bob",Bob 'Bolo' Boland,1938-01-07
0,8875,"BOLEWSKI, Henry",Henry Bolewski,1890-08-04
0,6269,"BOLTON, Dave",Dave Bolton,1937-04-27
0,9435,"BRADY, Alan",Alan Brady,1909-09-14
0,24763,"BRENNAN, Garth",Garth Brennan,1972-02-18
0,9250,"BRIEN, Jerry",Jerry Brien,1904-12-08
0,5771,"BROGAN, Bill",Bill Brogan,1900-04-28
0,9125,"BROOKS, Edward",Edward Brooks,1890-06-03
0,11651,"BROUGHTON, Paul",Paul Broughton,1931-03-03
0,7415,"BROWN, Dave",Dave Brown,1913-04-04
0,530,"BROWN, Nathan",Nathan Brown,1973-07-31
0,782,"BUDERUS, Danny",Danny Buderus,1978-02-06
0,9998,"BUGDEN, Paddy",Paddy Bugden,1918-12-18
0,5874,"BULGIN, Vic",Vic Bulgin,1927-11-27
0,5892,"BULL, Roy",Roy Bull,1929-06-12
0,8675,"BURDON, Alex",Alex Burdon,1879-03-31
0,5384,"BURGE, Frank",Frank Burge,1894-08-14
0,8795,"BURGE, Peter",Peter Burge,1884-02-15
0,9699,"BURNS, Eddie",Eddie Burns,1916-03-06
0,758,"BURT, Luke",Luke Burt,1981-06-06
0,9428,"BUSCH, Joe",Joe Busch,1907-06-04
0,9941,"CAHILL, Charles",Charles Cahill,1916-01-28
0,5728,"CAPLES, Harry",Harry Caples,1898-02-04
0,28077,"CARR, Ryan",Ryan Carr,1988-08-03
0,469,"CARTWRIGHT, John",John Cartwright,1965-08-09
0,52117,"CHASELING, Jack",Jack Chaseling,1880
0,5869,"CHURCHILL, Clive",Clive Churchill,1927-01-21
0,2824,"CIRALDO, Cameron",Cameron Ciraldo,1984-10-30
0,11783,"CLARE, Jack",Jack Clare,1924-06-17
0,239,"CLEARY, Ivan",Ivan Cleary,1971-03-01
0,7448,"CLIFT, Malcolm",Malcolm Clift,1934-10-31
0,448,"COLEMAN, Craig",Craig Coleman,1963-01-31
0,10360,"COOPER, Cec",Cec Cooper,1926-02-21
0,8691,"COURTNEY, Ed",Ed 'Tedda' Courtney,1884-08-29
0,5722,"CRAIG, Jim",Jim Craig,1895-06-29
0,6089,"CRONIN, Michael",Michael 'Crow' Cronin,1951-06-28
0,12006,"CURRY JNR, Frank",Frank Curry Jnr,1950-05-02
0,2346,"DEMETRIOU, Jason",Jason Demetriou,1976-01-13
0,7455,"DEMPSEY, Kieran",Kieran Dempsey,-
0,3581,"DEVEREUX, Jim",Jim Devereux,1887-06-27
0,5842,"DEVERY, Pat",Pat Devery,1922-08-09
0,5903,"DONOGHUE, Denis",Denis Donoghue,1926-10-17
0,5914,"DONOHOE, Col",Col Donohoe,1929-08-02
0,9506,"DORAN, Laurie",Laurie Doran,1918
0,9419,"DUCKWORTH, Jim",Jim Duckworth,1908-04-18
0,21,"DUNEMANN, Andrew",Andrew Dunemann,1976-10-06
0,9827,"DUNN, Dick",Dick Dunn,1920-08-10
0,91,"DYMOCK, Jim",Jim Dymock,1972-04-04
0,7449,"ECONOMIDIS, Phil",Phil 'Bernie' Economidis,1953-02-09
0,5758,"EDWARDS, Arthur",Arthur 'Fatty' Edwards,1901-12-19
0,1155,"ELLIOTT, Matthew",Matthew Elliott,1964-12-08
0,9715,"ELLIS, Allan",Allan Ellis,1908-11-16
0,11815,"ELLIS, Wayne",Wayne Ellis,-
0,2960,"ENDACOTT, Frank",Frank Endacott,-
0,3952,"FAIRFAX, Russell",Russell Fairfax,1952-03-29
0,3622,"FARNSWORTH, Bill",Bill Farnsworth,1887-01-14
0,5407,"FARNSWORTH, Viv",Viv Farnsworth,1889-02-04
0,1235,"FARRAR, Andrew",Andrew Farrar,1962-05-17
0,5843,"FARRELL, Frank",Frank Farrell,1916-09-16
0,9573,"FAVELL, Gordon",Gordon Favell,1912-08-19
0,3733,"FEARNLEY, Terry",Terry Fearnley,1933-07-21
0,9212,"FIFIELD, Cec",Cec Fifield,1903-09-23
0,470,"FITTLER, Brad",Brad Fittler,1972-02-05
0,10344,"FITZGERALD, Jack",Jack Fitzgerald,1925-01-04
0,7443,"FITZGIBBON, Allan",Allan Fitzgibbon,-
0,845,"FITZGIBBON, Craig",Craig Fitzgibbon,1977-06-16
0,1202,"FLANAGAN, Shane",Shane Flanagan,1965-12-02
0,1236,"FOLKES, Steve",Steve Folkes,1959-01-31
0,5799,"FOLWELL, Arthur",Arthur 'Snowy' Folwell,1904-09-23
0,9711,"FORBES, Harry",Harry Forbes,1914-03-14
0,8167,"FRANCIS, Roy",Roy Francis,-
0,8973,"FRASER, Alf",Alf Fraser,1891-09-25
0,5393,"FRASER, Charles",Charles Fraser,1893-01-11
0,7444,"FREIER, Laurie",Laurie Freier,1948-12-07
0,8623,"FRY, Edward",Edward Fry,1878-09-02
0,6047,"FULTON, Bob",Bob Fulton,1946-12-01
0,215,"FURNER, David",David Furner,1971-02-06
0,5948,"FURNER, Don",Don 'Fatty' Furner,1931-12-26
0,33752,"GARDINER, Ben",Ben Gardiner,-
0,5907,"GEELAN, Col",Col Geelan,1927-03-11
0,11816,"GENTLE, Ken",Ken Gentle,-
0,4424,"GENTLE, Peter",Peter Gentle,1965-09-26
0,543,"GEORGALLIS, Steve",Steve Georgallis,1968-06-17
0,7442,"GHOSN, Steve",Steve 'Gus' Ghosn,1953-04-01
0,3737,"GIBSON, Jack",Jack Gibson,1929-02-27
0,5378,"GILBERT, Herb",Herb Gilbert,1887-09-18
0,5911,"GILL, Charlie",Charlie Gill,1922-05-02
0,8978,"GILLESPIE, William",William Gillespie,1894-11-22
0,3730,"GLOSSOP, Ted",Ted Glossop,1934
0,3134,"GOULD, Phil",Phil Gould,1958-01-24
0,2936,"GRAHAM, Mark",Mark Graham,1955-09-29
0,3612,"GRAVES, Robert",Robert Graves,1880-09-01
0,11820,"GRAY, Merv",Merv Gray,-
0,8775,"GREEN, George",George Green,1883-12-17
0,407,"GREEN, Paul",Paul Green,1972-09-12
0,7401,"GREENWOOD, Colin",Colin Greenwood,1936-01-25
0,16571,"GRIFFIN, Anthony",Anthony 'Hook' Griffin,1966-08-26
0,7398,"GRIFFITHS, Fred",Fred Griffiths,1935
0,5992,"HAGAN, Bob",Bob Hagan,1940-01-08
0,1070,"HAGAN, Michael",Michael Hagan,1964-08-12
0,5406,"HALLETT, Howard",Howard 'The Rock Of Gibraltar' Hallett,1890-04-13
0,3582,"HALLOWAY, Arthur",Arthur Halloway,1885-07-17
0,5974,"HAMBLY, Brian",Brian Hambly,1937-10-31
0,6091,"HAMILTON, Bill",Bill Hamilton,1945-02-12
0,9939,"HAMPSTEAD, Jack",Jack Hampstead,1920-05-10
0,30,"HANNAY, Josh",Josh Hannay,1980-01-11
0,10546,"HARRIS, Barry",Barry Harris,1938-05-09
0,9651,"HARRISON, Rex",Rex Harrison,1914-06-27
0,3849,"HARVEY, John",John 'Harve' Harvey,1955-04-19
0,260,"HASLER, Des",Des 'Sorry' Hasler,1961-02-16
0,5921,"HAWICK, Greg",Greg Hawick,1932-05-03
0,5877,"HAWKE, Johnny",Johnny Hawke,1925-05-07
0,10711,"HAYES, John",John Hayes,1939-05-25
0,8789,"HEDLEY, Charlie",Charlie Hedley,1881-03-08
0,911,"HENJAK, Ivan",Ivan Henjak,1963-03-09
0,3653,"HENNESSY, Arthur",Arthur Hennessy,1876-09-24
0,5544,"HENRY, Neil",Neil Henry,1961-01-23
0,5805,"HEY, Vic",Vic 'The Human Bullet' Hey,1912-11-18
0,3620,"HICKEY, Jack",Jack Hickey,1887-01-04
0,10890,"HICKS, Merv",Merv 'Pale Whale' Hicks,1943-12-15
0,6098,"HIGGS, Ray",Ray Higgs,1950
0,1538,"HILDITCH, Ron",Ron Hilditch,1953-08-13
0,23968,"HODGES, Craig",Craig Hodges,1973-12-27
0,11089,"HOGAN, Kevin",Kevin Hogan,1945-01-15
0,1724,"HOLBROOK, Justin",Justin Holbrook,1976-01-13
0,11821,"HOLCROFT, Bert",Bert Holcroft,1925-08-08
0,5894,"HOLMAN, Keith",Keith Holman,1925-09-11
0,801,"HORNBY, Ben",Ben Hornby,1980-02-10
0,7488,"HUNTER, George",George Hunter,1929-10-13
0,2841,"HURST, Murray",Murray Hurst,-
0,9771,"HYDE, Frank",Frank Hyde,1916-02-07
0,183,"IRO, Tony",Tony Iro,1967-05-30
0,7481,"JEFFREYS, Clarrie",Clarrie Jeffreys,1932-08-06
0,9305,"JOHNSON, Harold",Harold Johnson,1906-07-18
0,5381,"JOHNSTON, Albert",Albert Johnston,1892-05-10
0,9743,"JOHNSTON, Frank",Frank Johnston,1914-08-12
0,5887,"JOHNSTON, Ian",Ian Johnston,1927-03-01
0,5578,"JONES, Alan",Alan Jones,1941-04-13
0,161,"JONES, Stacey",Stacey Jones,1976-05-07
0,5760,"JUSTICE, Arthur",Arthur Justice,1902-12-08
0,9393,"KADWELL, Harry",Harry Kadwell,1902-12-01
0,5922,"KEARNEY, Ken",Ken Kearney,1924-05-03
0,350,"KEARNEY, Stephen",Stephen Kearney,1972-06-11
0,5424,"KELLY, Bill",Bill Kelly,1890-11-09
0,9644,"KELLY, Len",Len Kelly,1913-06-17
0,5960,"KELLY, Noel",Noel Kelly,1936-01-22
0,1840,"KEMP, Tony",Tony Kemp,1968-01-18
0,293,"KIMMORLEY, Brett",Brett Kimmorley,1976-09-15
0,6024,"KING, Johnny",Johnny King,1942-07-02
0,738,"KING, Matt",Matt King,1980-08-22
0,9860,"KIRKALDY, Roy",Roy Kirkaldy,1910-03-26
0,3439,"KITINAS, Arthur",Arthur Kitinas,1959-11-29
0,97,"LAMB, Terry",Terry 'Baa Baa' Lamb,1961-09-15
0,915,"LANCE, Dean",Dean Lance,1959-04-04
0,1510,"LANG, John",John Lang,1950-11-07
0,5999,"LANGLANDS, Graeme",Graeme Langlands,1941-09-02
0,549,"LANGMACK, Paul",Paul Langmack,1965-05-10
0,5729,"LATTA, Reg",Reg Latta,1897-02-25
0,733,"LENIHAN, Jim",Jim Lenihan,1973-05-16
0,5820,"LEWIS, Eric",Eric Lewis,1909-09-20
0,892,"LEWIS, Wally",Wally Lewis,1959-12-01
0,1001,"LINDNER, Bob",Bob 'Bustling' Lindner,1962-11-10
0,5579,"LOUIS, Peter",Peter Louis,1945-01-18
0,3738,"LOWE, Graham",Graham Lowe,1946-10-02
0,3654,"LUTGE, Denis",Denis Lutge,1879-11-26
0,11814,"LYNCH, Charlie",Charlie Lynch,1891
0,5984,"LYNCH, Ron",Ron Lynch,1939-06-12
0,1822,"MAGUIRE, Michael",Michael Maguire,1974-02-05
0,312,"MARSHALL, Benji",Benji Marshall,1985-02-25
0,6141,"MARTIN, Steve",Steve Martin,1957-01-07
0,10606,"MASON, Alan",Alan Mason,1934-07-03
0,9387,"MASON, George",George Mason,1906-10-08
0,7441,"MASTERS, Roy",Roy Masters,1941-10-15
0,236,"MATTERSON, Terry",Terry Matterson,1967-03-04
0,9560,"MATTHEWS, Harry",Harry Matthews,1909-07-19
0,5882,"MAXWELL, Col",Col Maxwell,1917-06-23
0,3607,"MCCABE, Tom",Tom McCabe,1881-08-16
0,6059,"MCCARTHY, Bob",Bob McCarthy,1944-08-05
0,11823,"MCCARTHY, Owen",Owen McCarthy,1882-11-26
0,3410,"MCCLENNAN, Brian",Brian McClennan,1962-01-01
0,5410,"MCCUE, Paddy",Paddy McCue,1883-06-24
0,1478,"MCFADDEN, Andrew",Andrew McFadden,1978-01-20
0,966,"MCGAHAN, Hugh",Hugh 'Paddles' McGahan,1961-11-15
0,558,"MCGREGOR, Paul",Paul 'Mary' McGregor,1967-12-31
0,11819,"MCGUINNESS, Albert",Albert McGuinness,1916-03-25
0,9846,"MCKINNON, Harry",Harry McKinnon,1910-03-16
0,5815,"MCKINNON, Ross",Ross McKinnon,1914-04-12
0,3623,"MCKIVAT, Chris",Chris McKivat,1879-11-27
0,10245,"MCLEAN, Peter",Peter McLean,1925-01-12
0,3807,"MCMAHON, Allan",Allan McMahon,1954-08-09
0,11817,"MCMAHON, Tom",Tom McMahon,-
0,5774,"MCMILLAN, Frank",Frank 'Skinny' McMillan,1899-12-14
0,2832,"MCRAE, Shaun",Shaun 'Bomber' McRae,1959-12-21
0,5806,"MEAD, Les",Les Mead,1909-06-09
0,918,"MENINGA, Mal",Mal Meninga,1960-07-08
0,3580,"MESSENGER, Dally",Dally Messenger,1883-04-12
0,3465,"MILLWARD, Ian",Ian 'Basil' Millward,1960-08-22
0,3554,"MONIE, John",John Monie,1946-10-06
0,6038,"MOORE, Brian",Brian Moore,1944-04-19
0,1243,"MOORE, Kevin",Kevin Moore,1965-11-30
0,762,"MORRIS, John",John Morris,1980-07-29
0,13774,"MULHOLLAND, Peter",Peter Mulholland,1953-11-30
0,9567,"MULLINS (B), George",George Mullins,1907-09-07
0,2826,"MURRAY, Graham",Graham 'Muzza' Murray,1955-01-06
0,1533,"MURRAY, Mark",Mark Murray,1959-05-01
0,5838,"NARVO, Herb",Herb Narvo,1912-08-19
0,11076,"NEUMANN, Louis",Louis Neumann,1936-02-25
0,3624,"NOBLE, Bill",Bill Noble,1884-07-13
0,5789,"NORMAN, Ernie",Ernie 'Bunty' Norman,1912-08-12
0,5404,"NORMAN, Ray",Ray Norman,1888-10-10
0,7454,"NORTON, Brian",Brian 'Chicka' Norton,1944-12-27
0,10310,"NOSWORTHY, Leo",Leo Nosworthy,1927-09-25
0,29763,"O'BRIEN, Adam",Adam O'Brien,1977-10-26
0,5862,"O'CONNELL, Wally",Wally O'Connell,1923-04-16
0,5793,"O'CONNOR, Frank",Frank O'Connor,1906-11-25
0,9252,"O'CONNOR, Leo",Leo O'Connor,1898-05-02
0,6069,"O'NEILL, John",John O'Neill,1943-05-09
0,11813,"O'REILLY, Jack",Jack O'Reilly,1906
0,4342,"O'TOOLE, John",John O'Toole,-
0,5978,"PARISH, Don",Don Parish,1937-10-31
0,10492,"PASKINS, Tony",Tony Paskins,1927-12-05
0,9783,"PATTON, Arthur",Arthur Patton,1915-05-21
0,100,"PAY, Dean",Dean Pay,1969-06-03
0,313,"PAYTEN, Todd",Todd Payten,1979-01-18
0,5769,"PEARCE, Cliff",Cliff Pearce,1907-04-04
0,7416,"PEARCE, Joe",Joe Pearce,1910-09-07
0,3674,"PEARCE, Sandy",Sandy Pearce,1883-05-31
0,873,"PEARCE, Wayne",Wayne Pearce,1960-03-29
0,6109,"PEARD, John",John 'Bomber' Peard,1945-01-15
0,10827,"PEARMAN, Roger",Roger Pearman,1939-09-05
0,11812,"PEPPERELL, Russ",Russ Pepperell,-
0,9040,"PETERS, Herman",Herman Peters,1899-04-18
0,3789,"PIERCE, Greg",Greg Pierce,1950-03-04
0,6110,"PIGGINS, George",George Piggins,1944-10-14
0,5938,"POOLE, Dick",Dick Poole,1930-11-27
0,5945,"POPE, Norm",Norm Pope,1908
0,9628,"PORTER, Harry",Harry 'Tarzan' Porter,1910-07-03
0,508,"POTTER, Michael",Michael Potter,1963-09-24
0,5387,"PRENTICE, Clarrie",Clarrie Prentice,1891-07-01
0,1536,"PRICE, Ray",Ray 'Mr Perpetual Motion' Price,1953-03-04
0,3083,"PRICE, Steven",Steven Price,1977-09-05
0,5930,"PROVAN, Norm",Norm Provan,1932-12-18
0,5900,"PURCELL, Bernie",Bernie Purcell,1928-01-19
0,5964,"RAPER, John",John Raper,1939-04-12
0,2553,"RAPER, Stuart",Stuart Raper,1965-01-05
0,1520,"RAUDONIKIS, Tom",Tom Raudonikis,1950-04-13
0,5865,"RAYNER, Jack",Jack Rayner,1921-04-11
0,1507,"REDDY, Rod",Rod Reddy,1954-03-01
0,7446,"REILLY, Barry",Barry Reilly,1947-03-24
0,5594,"REILLY, Malcolm",Malcolm Reilly,1948-01-19
0,5954,"RITCHIE, Ray",Ray Ritchie,1936-10-31
0,9034,"ROBINSON, George",George Robinson,1894-08-29
0,9267,"ROBINSON, Norm",Norm Robinson,1901-01-29
0,2924,"ROBINSON, Trent",Trent Robinson,1977-03-15
0,14141,"ROGERS, Graham",Graham 'Buck' Rogers,1941-11-18
0,5781,"ROOT, Eddie",Eddie Root,1902-06-26
0,3656,"ROSEWELL, Johnny",Johnny Rosewell,1880-11-23
0,8706,"RUSSELL, Charlie",Charlie Russell,1883-12-05
0,9937,"RYAN, Bruce",Bruce Ryan,1921-07-07
0,6006,"RYAN, Kevin",Kevin 'Kandos' Ryan,1934-08-26
0,10064,"RYAN, Sid",Sid Ryan,1922-03-05
0,2937,"RYAN, Warren",Warren Ryan,1941-10-27
0,810,"RYLES, Jason",Jason Ryles,1979-01-17
0,3210,"SEIBOLD, Anthony",Anthony Seibold,1974-10-03
0,2839,"SHARP, Peter",Peter Sharp,1954-07-16
0,2835,"SHEENS, Tim",Tim Sheens,1950-10-30
0,5199,"SHEPHERD, Jamie",Jamie Shepherd,1973-07-10
0,7452,"SHINE, Ken",Ken Shine,1947-11-22
0,6177,"SILCOCK, Nat",Nat Silcock,1927-11-25
0,1144,"SIMMONS, Royce",Royce Simmons,1960-05-02
0,7536,"SLADE, Johnny",Johnny Slade,-
0,11822,"SLATTERY, Ken",Ken Slattery,-
0,9703,"SMITH, Athol",Athol Smith,1913-08-27
0,6012,"SMITH, Billy",Billy Smith,1942-07-12
0,2831,"SMITH, Brian",Brian Smith,1954-03-14
0,11818,"SMITH, Jeff",Jeff Smith,-
0,5867,"SMITH, Len",Len Smith,1917-03-25
0,9855,"SMITH, Neville",Neville Smith,1915-12-13
0,7451,"STACKER, Len",Len Stacker,-
0,6008,"STANTON, Frank",Frank 'Biscuits' Stanton,1940-02-07
0,5800,"STEHR, Ray",Ray Stehr,1913-01-24
0,7906,"STEPHENSON, Mike",Mike Stephenson,1947-01-27
0,1195,"STONE, Rick",Rick Stone,1967-02-14
0,211,"STUART, Ricky",Ricky Stuart,1967-01-07
0,14244,"SULLIVAN, Bill",Bill Sullivan,1927-07-16
0,5931,"SULLIVAN, Bob",Bob Sullivan,1931
0,9444,"TAIT, Jim",Jim Tait,1904
0,243,"TAYLOR, Jason",Jason Taylor,1971-02-02
0,1519,"THOMPSON, Alan",Alan Thompson,1953-10-10
0,6031,"THOMSON, Allan",Allan Thomson,1943-02-18
0,6001,"THORNETT, Ken",Ken 'The Mayor' Thornett,1937-11-27
0,10867,"THORNTON, Noel",Noel 'Sailor' Thornton,1943-06-03
0,9640,"TIPPING, Norm",Norm Tipping,1913-01-11
0,9030,"TOOHEY, Jack",Jack Toohey,1899-06-13
0,505,"TOOVEY, Geoff",Geoff Toovey,1969-06-17
0,9160,"TRAYNOR, Arnold",Arnold Traynor,1896-06-14
0,10391,"TREVENA, Leo",Leo 'Trapper' Trevena,1929
0,6032,"TUTTY, Dennis",Dennis Tutty,1945-12-29
0,6097,"WAITE, David",David Waite,1951-05-30
0,5977,"WALSH, Ian",Ian 'Abdul' Walsh,1933-03-20
0,9835,"WALSH, Jack",Jack 'Duck' Walsh,1917-08-24
0,226,"WALTERS, Kevin",Kevin Walters,1967-10-20
0,5816,"WARD, Laurie",Laurie Ward,1911-03-27
0,10819,"WARNER, Ross",Ross Warner,1943-11-10
0,5382,"WATKINS, Jack",Jack Watkins,1893-02-12
0,11940,"WATSON, Dave",Dave Watson,1900-03-25
0,7503,"WATSON, Ron",Ron 'Bluey' Watson,1929-02-16
0,23457,"WEBSTER, Andrew",Andrew Webster,1982-01-17
0,750,"WHITE, Brett",Brett White,1982-04-08
0,9479,"WHY, Alby",Alby Why,1899-08-02
0,5925,"WILLEY, Ron",Ron Willey,1929-11-20
0,5408,"WILLIAMS, Bob",Bob Williams,1886-12-22
0,5828,"WILLIAMS, Percy",Percy Williams,1910-03-10
0,5965,"WILSON, Billy",Billy Wilson,1927-05-31
0,21529,"WOOLF, Kristian",Kristian Woolf,1975-07-06
0,9528,"WRIGHT, Tom",Tom Wright,1900-12-07
0,1523,"YOUNG, Craig",Craig Young,1956-06-25
0,809,"YOUNG, Dean",Dean Young,1983-10-28
