,ref_id,ref_name_comma,ref_name,ref_birthday
0,42070,"ALEXANDER, Rob",Rob Alexander,
0,42066,"ALMOND, Neil",Neil Almond,
0,42078,"ANNESLEY, Graham",Graham Annesley,26 May 1957
0,42083,"ARCHER, Tony",Tony Archer,
0,42499,"ATKINS, Grant",Grant Atkins,3 Apr 1982
0,42093,"BADGER, Gavin",Gavin Badger,
0,42851,"BADGER, Kasey",Kasey Badger,11 Mar 1987
0,42338,"BAGGOTT, Leo",Leo Baggott,12 Sep 1901
0,42225,"BALLERUM, Arthur",Arthur Ballerum,11 Apr 1885
0,42137,"BARNES, Barry",Barry Barnes,
0,42277,"BARRY, Brian",Brian Barry,6 Feb 1924
0,42330,"BATES, J",J Bates,
0,42281,"BENNETT, Gary",Gary Bennett,
0,5776,"BISHOP, George",George Bishop,19 Nov 1902
0,42152,"BISSETT, Noel",Noel Bissett,1 Dec 1937
0,42236,"BLACK, Joe",Joe Black,
0,42233,"BOLTON, A",A Bolton,
0,42221,"BOSS, George",George Boss,
0,42447,"BOYD, G",G Boyd,
0,42145,"BOYD, Greg",Greg Boyd,
0,10442,"BRADLEY, Jack",Jack Bradley,
0,11623,"BRADSTOCK, Barry",Barry Bradstock,
0,42287,"BRAINE, George",George Braine,
0,42250,"BRANNAGHAN, Mick",Mick Brannaghan,
0,42143,"BRAYBROOK, Denis",Denis Braybrook,
0,42367,"BROWN, C",C Brown,
0,42289,"BROWN, Cliff",Cliff Brown,
0,42234,"BROWN, S",S Brown,
0,42269,"BRUYERES, Laurie",Laurie Bruyeres,12 Jul 1923
0,42240,"BUCHANAN, J",J Buchanan,
0,42320,"BUCKLEY, Eric",Eric Buckley,
0,42614,"BUTLER, Chris",Chris Butler,
0,42216,"CAILLOL, Marcel",Marcel Caillol,
0,42085,"CARRALL, Steve",Steve Carrall,
0,42328,"CARRICK, H",H Carrick,
0,42908,"CASSIDY, Adam",Adam Cassidy,
0,42086,"CECCHIN, Matt",Matt Cecchin,
0,42079,"CHIDDY, Steve",Steve Chiddy,
0,42305,"CHRISTIE, A",A Christie,
0,9057,"CLAMBACK, George",George 'Clammy' Clamback,30 Jun 1894
0,42076,"CLARK, Steve",Steve Clark,
0,42350,"COLE, W",W Cole,
0,42501,"COOK, Ernie",Ernie Cook,
0,42205,"COOK, Gary",Gary Cook,
0,42267,"COOK, T",T Cook,
0,42115,"COOLEY, Phil",Phil Cooley,18 Sep 1951
0,42198,"COSTELLO, Tom",Tom Costello,
0,10018,"COWLEY, Bert",Bert Cowley,12 Jun 1923
0,42282,"CROSS, Barry",Barry Cross,
0,42313,"CUKE, Bill",Bill Cuke,
0,42134,"CUMMINS, Ben",Ben Cummins,14 Feb 1974
0,42315,"CUMMINS, Bob",Bob Cummins,
0,10668,"DANZEY JNR, Jack",Jack Danzey Jnr,9 Jul 1939
0,42369,"DAVIS, A",A Davis,
0,42262,"DAVIS, Arthur",Arthur Davis,
0,42130,"DE LAS HERAS, Tony",Tony De Las Heras,
0,8846,"DEANE, Lal",Lal Deane,2 Aug 1892
0,42244,"DELANEY, Frank",Frank Delaney,
0,42421,"DEVCICH, Adam",Adam Devcich,
0,42314,"DEVINE, Bill",Bill Devine,
0,42232,"DICKENSON, Tom",Tom Dickenson,
0,42245,"DICKENSON, Vic",Vic Dickenson,
0,42317,"DIMON, Cyril",Cyril Dimon,
0,42256,"DRAKE, Reg",Reg Drake,
0,42280,"EDWARDS, Clive",Clive Edwards,
0,42275,"ELLISS, Phil",Phil Elliss,15 Oct 1932
0,42322,"ERICKSON, Fred",Fred Erickson,
0,42283,"ESCANDE, Francois",Francois Escande,
0,42273,"FARRELLY, Jack",Jack Farrelly,
0,42226,"FARROW, Arthur",Arthur Farrow,
0,42096,"FILMER, Peter",Peter Filmer,
0,42223,"FINEGAN, Bill",Bill Finegan,
0,42319,"FLETCHER, E",E Fletcher,
0,42091,"FLINT, Bob",Bob Flint,
0,42258,"FRY, Bill",Bill Fry,
0,43188,"FURNER, Darian",Darian Furner,
0,42498,"GEE, Adam",Adam Gee,31 May 1985
0,42104,"GOCHER, John",John Gocher,
0,42142,"GOENER, David",David Goener,
0,42139,"GOLDSWORTHY, Barry",Barry Goldsworthy,
0,42697,"GOUGH, Peter",Peter Gough,
0,42075,"GRANT, Brian",Brian Grant,
0,42150,"GREEN, Lionel",Lionel Green,
0,42291,"HAINES, Phil",Phil Haines,
0,42323,"HALLWOOD, George",George Hallwood,
0,42074,"HAMPSTEAD, Sean",Sean Hampstead,
0,11397,"HANSEN, Lance",Lance Hansen,28 Jan 1885
0,42246,"HARDING, O",O Harding,
0,42077,"HARRIGAN, Bill",Bill Harrigan,24 Mar 1960
0,42271,"HARRIS, Jack",Jack Harris,5 Apr 1933
0,12514,"HARTLEY, Greg",Greg 'Hollywood' Hartley,19 Jul 1942
0,42087,"HAYNE, Shayne",Shayne Hayne,31 Oct 1967
0,8789,"HEDLEY, Charlie",Charlie Hedley,8 Mar 1881
0,42804,"HENDERSON, Phil",Phil Henderson,17 Oct 1983
0,42364,"HENLEN, Fred",Fred Henlen,
0,42072,"HEWITT, Matt",Matt Hewitt,
0,42344,"HEYCOX, S",S Heycox,
0,5894,"HOLMAN, Keith",Keith Holman,11 Sep 1925
0,42220,"HOOPER, Edward",Edward Hooper,
0,42067,"HOUSTON, Phil",Phil Houston,
0,42279,"HUMPHREYS, Richie",Richie Humphreys,
0,42200,"HUTCHISON, Charlie",Charlie Hutchison,
0,42237,"IREDALE, W",W Iredale,
0,42329,"IRVINE, H",H Irvine,
0,42368,"JACKSON, C",C Jackson,
0,42249,"JACKSON, S",S Jackson,
0,42331,"JACOBSON, Jack",Jack Jacobson,
0,42080,"JADWAT, Moghseen",Moghseen Jadwat,
0,42375,"JAMES, Chris",Chris James,
0,42065,"JAY, David",David Jay,
0,42081,"JEFFES, Kelvin",Kelvin Jeffes,
0,42345,"JOLLY, S",S Jolly,
0,42158,"KEARNEY, Laurie",Laurie Kearney,
0,42140,"KEENAHAN, Barrie",Barrie Keenahan,20 Jul 1942
0,42324,"KELLAHAN, George",George Kellahan,
0,42272,"KELLY, Bill",Bill Kelly,
0,9467,"KELLY, Jack",Jack Kelly,5 Jun 1909
0,42090,"KELLY, Tony",Tony Kelly,
0,42813,"KENNEDY, Liam",Liam Kennedy,
0,42337,"KEOUGH, Kevin",Kevin Keough,
0,42251,"KERR, Ted",Ted Kerr,
0,42116,"KLEIN, Ashley",Ashley Klein,6 Sep 1979
0,42306,"KONNECKE, A",A Konnecke,
0,42185,"LANCASHIRE, Don",Don Lancashire,3 Oct 1932
0,42325,"LANE, George",George Lane,
0,10157,"LANGTON, Carl",Carl Langton,29 Jun 1920
0,42613,"LARKIN, Edward",Edward Larkin,
0,42265,"LATTA, Jack",Jack Latta,7 Apr 1909
0,42175,"LAWLER, Darcy",Darcy Lawler,
0,42082,"LAWRENCE, Rod",Rod Lawrence,
0,20766,"LEE, Phil",Phil Lee,
0,42068,"LEWIS, Mick",Mick Lewis,
0,42340,"LEWIS, Richard",Richard Lewis,
0,42254,"LONG, W",W Long,
0,42307,"LUPTON, A",A Lupton,
0,42088,"LYONS, Steve",Steve Lyons,
0,42284,"McALISTER, Neil",Neil McAlister,
0,42062,"McBLANE, Paul",Paul McBlane,
0,42098,"McCALLUM, Greg",Greg McCallum,
0,10423,"McCARROLL, Phil",Phil McCarroll,
0,42222,"McDERMOTT, M",M McDermott,
0,42334,"McGAULEY, Joe",Joe McGauley,
0,9127,"McGRATH, Chris",Chris McGrath,
0,12451,"McINTOSH, Thomas",Thomas McIntosh,15 Mar 1882
0,6065,"McKEAN, Allan",Allan McKean,11 Dec 1942
0,42347,"McMAHON JNR, Tom",Tom McMahon Jnr,
0,42348,"McMAHON SNR, Tom",Tom McMahon Snr,
0,42341,"McMILLAN, R",R McMillan,
0,42276,"MacDONALD, Don",Don MacDonald,
0,42069,"MAKSOUD, Tony",Tony Maksoud,
0,42311,"MALONEY, B",B Maloney,
0,42060,"MANDER, Tim",Tim Mander,
0,42061,"MANSON, David",David Manson,
0,42135,"MAXWELL, Jared",Jared Maxwell,
0,42332,"MERCER, J",J Mercer,
0,42252,"MILLER, J",J Miller,
0,44735,"MILLER, Paul",Paul Miller,
0,42231,"MILLINGTON, Horrie",Horrie Millington,
0,42255,"MILLS, H",H Mills,
0,42466,"MORRIS, Gavin",Gavin Morris,
0,42495,"MUNRO, David",David Munro,30 Apr 1980
0,9182,"MURPHY, Joe",Joe Murphy,
0,42247,"MURRAY, Joe",Joe Murray,
0,42342,"MUSGRAVE, R",R Musgrave,
0,42154,"NASH, Steve",Steve Nash,
0,42188,"NAUGHTON, Mick",Mick Naughton,
0,8620,"NEILL, William",William Neill,21 Jun 1884
0,42268,"NEVILLE, Arthur",Arthur Neville,
0,42318,"NICHOLSON, Dudley",Dudley Nicholson,
0,42243,"NORMAN, E",E Norman,
0,42229,"NORTON, A",A Norton,
0,42650,"NOYEN, Matt",Matt Noyen,
0,42064,"OATEN, Mark",Mark Oaten,
0,42266,"O'BRIEN, Jack",Jack O'Brien,
0,42146,"O'DONNELL, Giles",Giles O'Donnell,
0,42299,"O'DONNELL, Ray",Ray O'Donnell,
0,42141,"O'KEEFE, David",David O'Keefe,
0,3584,"O'MALLEY, Larry",Larry O'Malley,2 Apr 1883
0,13238,"OXFORD, Aub",Aub Oxford,31 Oct 1914
0,42186,"PAGE, Keith",Keith Page,
0,10063,"PARKINSON, Keith",Keith Parkinson,6 Feb 1919
0,42092,"PARNABY, Ian",Ian Parnaby,
0,42183,"PEARCE, Col",Col Pearce,
0,42346,"PEPPER, Ted",Ted Pepper,
0,1692,"PERENARA, Henry",Henry Perenara,16 Jun 1980
0,42308,"PERRY, Albert",Albert Perry,
0,12456,"PHELAN, Tom",Tom Phelan,27 Jun 1881
0,2693,"PHILLIPS, Luke",Luke Phillips,4 Aug 1975
0,42153,"PIERSE, Peter",Peter Pierse,
0,42224,"POULTON, Harry",Harry Poulton,
0,42748,"PRZEKLASA-ADAMSKI, Zbignew",Zbignew 'Ziggy' Przeklasa-Adamski,1 Dec 1986
0,42335,"RASCAGNERES, Julien",Julien Rascagneres,
0,43005,"RAYMOND, Wyatt",Wyatt Raymond,
0,42464,"REYNOLDS, Gavin",Gavin Reynolds,
0,42084,"RICHARDS, Stephen",Stephen Richards,
0,10679,"ROBERTS, Kevin",Kevin 'Bilko' Roberts,11 Sep 1941
0,42326,"ROBINSON, G",G Robinson,
0,42089,"ROBINSON, Jason",Jason Robinson,
0,42480,"ROBY, Tim",Tim Roby,15 Aug 1989
0,8706,"RUSSELL, Charlie",Charlie Russell,5 Dec 1883
0,42270,"SAMUELSON, Les",Les Samuelson,
0,42219,"SEABROOK, George",George Seabrook,
0,42916,"SHARPE, Belinda",Belinda Sharpe,
0,42228,"SHAW, E",E Shaw,
0,42290,"SHINER, Austin",Austin Shiner,
0,42288,"SHIPTON, Bruce",Bruce Shipton,
0,42248,"SHIRLEY, C",C Shirley,
0,42292,"SHORTALL, Alan",Alan Shortall,
0,42073,"SIMPKINS, Paul",Paul Simpkins,
0,42508,"SMITH, Ian",Ian Smith,
0,42094,"SMITH, Russell",Russell Smith,24 Jan 1964
0,42915,"SMITH, Todd",Todd Smith,
0,42343,"SMYTH, Ray",Ray Smyth,
0,42144,"SPAGARINO, Denis",Denis Spagarino,
0,42263,"SPANKIE, Alex",Alex Spankie,
0,44610,"STEWART, Jack",Jack Stewart,
0,42701,"STONE, Jon",Jon Stone,29 Jun 1982
0,42095,"STONE, Mick",Mick Stone,5 Jul 1949
0,42191,"SUTTON, Bernard",Bernard Sutton,
0,42549,"SUTTON, Chris",Chris Sutton,8 Oct 1984
0,42376,"SUTTON, Gerard",Gerard Sutton,23 Oct 1978
0,42380,"SUTTOR, Brett",Brett Suttor,
0,42099,"THOMPSON, Billy",Billy Thompson,21 Sep 1933
0,42239,"THORNTON, Arthur",Arthur Thornton,
0,42285,"TURNELL, Col",Col Turnell,
0,42489,"WALES JR, Baden",Baden Wales Jr,
0,42253,"WALES, Baden",Baden Wales,
0,42257,"WALL, W",W Wall,
0,42321,"WALSH, Frank",Frank Walsh,
0,42097,"WARD, Chris",Chris Ward,
0,42071,"WARD, Eddie",Eddie Ward,3 Mar 1951
0,42264,"WARD, R",R Ward,
0,42151,"WEEKES, Martin",Martin Weekes,
0,42147,"WEEKS, Geoff",Geoff Weeks,
0,20868,"WELCH, Aubrey",Aubrey Welch,12 Sep 1876
0,42063,"WEST, Graeme",Graeme West,
0,42105,"WHITFIELD, Robin",Robin Whitfield,26 Nov 1943
0,42339,"WILLIAMS, Les",Les Williams,
0,42286,"WINTIN, Doug",Doug Wintin,
0,42488,"WISE, Michael",Michael Wise,
0,42316,"YORK, C",C York,
